{
  "title": "CustomSchema",
  "x-stoplight": {
    "id": "6ti0moca5553s"
  },
  "description": "Custom object schema.",
  "type": "object",
  "properties": {
    "namespace": {
      "title": "Namespace",
      "description": "The namespace of the object",
      "maxLength": 63,
      "type": "string",
      "x-stoplight": {
        "id": "302zpmljr4f5a"
      }
    },
    "apiVersion": {
      "title": "Apiversion",
      "description": "API version",
      "enum": [
        "flock/v1"
      ],
      "type": "string",
      "x-stoplight": {
        "id": "fj5fbqsij0lhi"
      }
    },
    "kind": {
      "title": "Kind",
      "description": "The kind of the custom object",
      "type": "string",
      "x-stoplight": {
        "id": "p68glq6supkzs"
      }
    },
    "metadata": {
      "$ref": "#/definitions/BaseMetaData",
      "x-stoplight": {
        "id": "ztwjlqvyh7xiw"
      }
    },
    "created_at": {
      "title": "Created At",
      "description": "Creation timestamp",
      "type": "string",
      "format": "date-time",
      "x-stoplight": {
        "id": "qq2n7ipaccyik"
      }
    },
    "updated_at": {
      "title": "Updated At",
      "description": "Last update timestamp",
      "type": "string",
      "format": "date-time",
      "x-stoplight": {
        "id": "ydhj0pcntxk4m"
      }
    },
    "spec": {
      "$ref": "#/definitions/BaseSpec",
      "x-stoplight": {
        "id": "ow9hdoadof5af"
      }
    }
  },
  "required": [
    "namespace",
    "apiVersion",
    "kind",
    "metadata",
    "spec"
  ],
  "additionalProperties": false,
  "definitions": {
    "BaseMetaData": {
      "title": "BaseMetaData",
      "description": "Base metadata schema.",
      "type": "object",
      "properties": {
        "annotations": {
          "title": "Annotations",
          "description": "Annotations are useful for storing additional information",
          "type": "object",
          "additionalProperties": {
            "type": "string",
            "x-stoplight": {
              "id": "sshyfbzmmpm8o"
            }
          },
          "x-stoplight": {
            "id": "6scn3npv85wo9"
          }
        },
        "labels": {
          "title": "Labels",
          "description": "Labels are useful for filtering and finding objects",
          "type": "object",
          "additionalProperties": {
            "type": "string",
            "x-stoplight": {
              "id": "3wqegs99jxctl"
            }
          },
          "x-stoplight": {
            "id": "yjrxf1t1in6o7"
          }
        },
        "name": {
          "title": "Name",
          "description": "Name of the object",
          "maxLength": 63,
          "type": "string",
          "x-stoplight": {
            "id": "qmn6b78dzx2po"
          }
        },
        "description": {
          "title": "Description",
          "description": "Description",
          "maxLength": 255,
          "type": "string",
          "x-stoplight": {
            "id": "z0n6u6lvf5gfz"
          }
        }
      },
      "required": [
        "name",
        "description"
      ],
      "additionalProperties": false,
      "x-stoplight": {
        "id": "4lg78e10u93z9"
      }
    },
    "Kind": {
      "title": "Kind",
      "description": "Enum for all kinds of resources.",
      "enum": [
        "Embedding",
        "VectorStore",
        "VectorStoreQATool",
        "LLM",
        "LoadTool",
        "Splitter",
        "Agent",
        "PromptTemplate",
        "LLMTool",
        "Custom"
      ],
      "type": "string",
      "x-stoplight": {
        "id": "cyhk2jn9arw9t"
      }
    },
    "BaseDependency": {
      "title": "BaseDependency",
      "description": "Base dependency schema.",
      "type": "object",
      "properties": {
        "labels": {
          "title": "Labels",
          "description": "Labels are useful for filtering and finding objects",
          "type": "object",
          "additionalProperties": {
            "type": "string",
            "x-stoplight": {
              "id": "cloo9cvbb6sm4"
            }
          },
          "x-stoplight": {
            "id": "nqco0nkio9zve"
          }
        },
        "name": {
          "title": "Name",
          "description": "Name of the dependency",
          "type": "string",
          "x-stoplight": {
            "id": "x8lwjaw6k2ez8"
          }
        },
        "kind": {
          "description": "Kind of the dependency",
          "allOf": [
            {
              "$ref": "#/definitions/Kind",
              "x-stoplight": {
                "id": "iy53vmhhngt2f"
              }
            }
          ],
          "x-stoplight": {
            "id": "whg8jjxzor8pe"
          }
        },
        "namespace": {
          "title": "Namespace",
          "description": "The namespace of the object",
          "default": "default",
          "maxLength": 63,
          "type": "string",
          "x-stoplight": {
            "id": "0yd6d4x7e1fxl"
          }
        }
      },
      "required": [
        "name",
        "kind"
      ],
      "additionalProperties": false,
      "x-stoplight": {
        "id": "xs3zmk1passc8"
      }
    },
    "BaseToolDependency": {
      "title": "BaseToolDependency",
      "description": "Base tool dependency schema.",
      "type": "object",
      "properties": {
        "labels": {
          "title": "Labels",
          "description": "Labels are useful for filtering and finding objects",
          "type": "object",
          "additionalProperties": {
            "type": "string",
            "x-stoplight": {
              "id": "6vnbmwq31thog"
            }
          },
          "x-stoplight": {
            "id": "bdtbrleoi1fqt"
          }
        },
        "name": {
          "title": "Name",
          "description": "Name of the dependency",
          "type": "string",
          "x-stoplight": {
            "id": "glxl30liycnaw"
          }
        },
        "kind": {
          "description": "Kind of the dependency",
          "allOf": [
            {
              "$ref": "#/definitions/Kind",
              "x-stoplight": {
                "id": "1e02cxw2jchq1"
              }
            }
          ],
          "x-stoplight": {
            "id": "ac710phpqvhol"
          }
        },
        "namespace": {
          "title": "Namespace",
          "description": "The namespace of the object",
          "default": "default",
          "maxLength": 63,
          "type": "string",
          "x-stoplight": {
            "id": "hdfitfloa88tz"
          }
        },
        "description": {
          "title": "Description",
          "description": "Tool description",
          "type": "string",
          "x-stoplight": {
            "id": "0yvi0qnnjpdff"
          }
        }
      },
      "required": [
        "name",
        "kind"
      ],
      "additionalProperties": false,
      "x-stoplight": {
        "id": "0on24hhlcrelv"
      }
    },
    "BaseSpec": {
      "title": "BaseSpec",
      "description": "Base spec schema.",
      "type": "object",
      "properties": {
        "options": {
          "title": "Options",
          "description": "Resource options",
          "default": {},
          "type": "object",
          "x-stoplight": {
            "id": "yaqw7rn1xwobx"
          }
        },
        "vendor": {
          "title": "Vendor",
          "description": "The resource class",
          "type": "string",
          "x-stoplight": {
            "id": "ayz4p1fz4lxvy"
          }
        },
        "dependencies": {
          "title": "Dependencies",
          "description": "Dependencies for the object",
          "default": [],
          "type": "array",
          "items": {
            "$ref": "#/definitions/BaseDependency",
            "x-stoplight": {
              "id": "0iymkfgts165f"
            }
          },
          "x-stoplight": {
            "id": "0udkfismqp4gn"
          }
        },
        "tools": {
          "title": "Tools",
          "description": "Tools for the object",
          "default": [],
          "type": "array",
          "items": {
            "$ref": "#/definitions/BaseToolDependency",
            "x-stoplight": {
              "id": "i0isrku8vpc7f"
            }
          },
          "x-stoplight": {
            "id": "6zufkpkkowa3c"
          }
        }
      },
      "required": [
        "vendor"
      ],
      "additionalProperties": false,
      "x-stoplight": {
        "id": "wgab2tue5n4z6"
      }
    }
  },
  "x-internal": true
}