{
  "title": "PromptTemplateSchema",
  "x-stoplight": {
    "id": "znos4jim5wk98"
  },
  "description": "PromptTemplate schema.",
  "type": "object",
  "properties": {
    "namespace": {
      "title": "Namespace",
      "description": "The namespace of the object",
      "maxLength": 63,
      "type": "string",
      "x-stoplight": {
        "id": "kke1exjvzizoh"
      }
    },
    "apiVersion": {
      "title": "Apiversion",
      "description": "API version",
      "enum": [
        "flock/v1"
      ],
      "type": "string",
      "x-stoplight": {
        "id": "4qjvpmjfj4428"
      }
    },
    "kind": {
      "title": "Kind",
      "description": "The kind of the object",
      "enum": [
        "PromptTemplate"
      ],
      "type": "string",
      "x-stoplight": {
        "id": "k529nzk5msd3l"
      }
    },
    "metadata": {
      "$ref": "#/definitions/BaseMetaData",
      "x-stoplight": {
        "id": "1u9598p5468a2"
      }
    },
    "created_at": {
      "title": "Created At",
      "description": "Creation timestamp",
      "type": "string",
      "format": "date-time",
      "x-stoplight": {
        "id": "k97rij0fogi4q"
      }
    },
    "updated_at": {
      "title": "Updated At",
      "description": "Last update timestamp",
      "type": "string",
      "format": "date-time",
      "x-stoplight": {
        "id": "68x8qflvcmezr"
      }
    },
    "spec": {
      "$ref": "#/definitions/PromptTemplateSpec",
      "x-stoplight": {
        "id": "nj0szkvbpcod5"
      }
    }
  },
  "required": [
    "namespace",
    "apiVersion",
    "kind",
    "metadata",
    "spec"
  ],
  "additionalProperties": false,
  "definitions": {
    "BaseMetaData": {
      "title": "BaseMetaData",
      "description": "Base metadata schema.",
      "type": "object",
      "properties": {
        "annotations": {
          "title": "Annotations",
          "description": "Annotations are useful for storing additional information",
          "type": "object",
          "additionalProperties": {
            "type": "string",
            "x-stoplight": {
              "id": "zj4on2ci1uobp"
            }
          },
          "x-stoplight": {
            "id": "i6nvtz2f53ett"
          }
        },
        "labels": {
          "title": "Labels",
          "description": "Labels are useful for filtering and finding objects",
          "type": "object",
          "additionalProperties": {
            "type": "string",
            "x-stoplight": {
              "id": "qigmtfumo6qxk"
            }
          },
          "x-stoplight": {
            "id": "r4tk3jt4o40gw"
          }
        },
        "name": {
          "title": "Name",
          "description": "Name of the object",
          "maxLength": 63,
          "type": "string",
          "x-stoplight": {
            "id": "b0wyxj5jkropq"
          }
        },
        "description": {
          "title": "Description",
          "description": "Description",
          "maxLength": 255,
          "type": "string",
          "x-stoplight": {
            "id": "t3vnc2nvn8hzc"
          }
        }
      },
      "required": [
        "name",
        "description"
      ],
      "additionalProperties": false,
      "x-stoplight": {
        "id": "abupm4cq7t63d"
      }
    },
    "PromptTemplateVendor": {
      "title": "PromptTemplateVendor",
      "description": "Enum for prompt template vendors.",
      "enum": [
        "PromptTemplate"
      ],
      "type": "string",
      "x-stoplight": {
        "id": "rgz34q6pfukx0"
      }
    },
    "PromptTemplateSpec": {
      "title": "PromptTemplateSpec",
      "description": "PromptTemplate spec.",
      "type": "object",
      "properties": {
        "options": {
          "title": "Options",
          "description": "Resource options",
          "default": {},
          "type": "object",
          "x-stoplight": {
            "id": "uof0ko7pxah5t"
          }
        },
        "vendor": {
          "description": "PromptTemplate vendor",
          "allOf": [
            {
              "$ref": "#/definitions/PromptTemplateVendor",
              "x-stoplight": {
                "id": "dav1djc58nkpd"
              }
            }
          ],
          "x-stoplight": {
            "id": "5ii255t4n4ukk"
          }
        }
      },
      "required": [
        "vendor"
      ],
      "additionalProperties": false,
      "x-stoplight": {
        "id": "oo0my0alec5ag"
      }
    }
  },
  "x-internal": true
}