{
  "title": "VectorStoreQAToolSchema",
  "x-stoplight": {
    "id": "vzpjhdv6nx6k0"
  },
  "description": "VectorStoreQATool schema.",
  "type": "object",
  "properties": {
    "namespace": {
      "title": "Namespace",
      "description": "The namespace of the object",
      "maxLength": 63,
      "type": "string",
      "x-stoplight": {
        "id": "yw65pk04pn96n"
      }
    },
    "apiVersion": {
      "title": "Apiversion",
      "description": "API version",
      "enum": [
        "flock/v1"
      ],
      "type": "string",
      "x-stoplight": {
        "id": "gkshg2wimmen2"
      }
    },
    "kind": {
      "title": "Kind",
      "description": "The kind of the object",
      "enum": [
        "VectorStoreQATool"
      ],
      "type": "string",
      "x-stoplight": {
        "id": "1zg8ii6uy7cpg"
      }
    },
    "metadata": {
      "$ref": "#/definitions/BaseMetaData",
      "x-stoplight": {
        "id": "8odjtm5c57c8w"
      }
    },
    "created_at": {
      "title": "Created At",
      "description": "Creation timestamp",
      "type": "string",
      "format": "date-time",
      "x-stoplight": {
        "id": "het2eml3je7nt"
      }
    },
    "updated_at": {
      "title": "Updated At",
      "description": "Last update timestamp",
      "type": "string",
      "format": "date-time",
      "x-stoplight": {
        "id": "s65iy5i1mgdi7"
      }
    },
    "spec": {
      "$ref": "#/definitions/VectorStoreQAToolSpec",
      "x-stoplight": {
        "id": "piwzyqlagzs8c"
      }
    }
  },
  "required": [
    "namespace",
    "apiVersion",
    "kind",
    "metadata",
    "spec"
  ],
  "additionalProperties": false,
  "definitions": {
    "BaseMetaData": {
      "title": "BaseMetaData",
      "description": "Base metadata schema.",
      "type": "object",
      "properties": {
        "annotations": {
          "title": "Annotations",
          "description": "Annotations are useful for storing additional information",
          "type": "object",
          "additionalProperties": {
            "type": "string",
            "x-stoplight": {
              "id": "w8zh5itq5jerc"
            }
          },
          "x-stoplight": {
            "id": "voi7vyzw7jisb"
          }
        },
        "labels": {
          "title": "Labels",
          "description": "Labels are useful for filtering and finding objects",
          "type": "object",
          "additionalProperties": {
            "type": "string",
            "x-stoplight": {
              "id": "5n7gsh1hsy7dc"
            }
          },
          "x-stoplight": {
            "id": "mex8lhwzkroz5"
          }
        },
        "name": {
          "title": "Name",
          "description": "Name of the object",
          "maxLength": 63,
          "type": "string",
          "x-stoplight": {
            "id": "kau3wpyb8beqc"
          }
        },
        "description": {
          "title": "Description",
          "description": "Description",
          "maxLength": 255,
          "type": "string",
          "x-stoplight": {
            "id": "xjkkqhtzxn6k9"
          }
        }
      },
      "required": [
        "name",
        "description"
      ],
      "additionalProperties": false,
      "x-stoplight": {
        "id": "r6596hf0knaow"
      }
    },
    "VectorStoreQAToolVendor": {
      "title": "VectorStoreQAToolVendor",
      "description": "Enum for vectorstore_qa_tool vendors.",
      "enum": [
        "RetrievalQAWithSourcesChain"
      ],
      "type": "string",
      "x-stoplight": {
        "id": "vsfeki6r7gqvn"
      }
    },
    "StoreDependency": {
      "title": "StoreDependency",
      "description": "Store dependency schema.",
      "type": "object",
      "properties": {
        "labels": {
          "title": "Labels",
          "description": "Labels are useful for filtering and finding objects",
          "type": "object",
          "additionalProperties": {
            "type": "string",
            "x-stoplight": {
              "id": "ouf7btqi5gcjv"
            }
          },
          "x-stoplight": {
            "id": "9j81xtlulwqae"
          }
        },
        "name": {
          "title": "Name",
          "description": "Name of the dependency",
          "type": "string",
          "x-stoplight": {
            "id": "sfbzidai17m9r"
          }
        },
        "kind": {
          "title": "Kind",
          "default": "VectorStore",
          "const": "VectorStore",
          "type": "string",
          "x-stoplight": {
            "id": "sooydrysgxl1c"
          }
        },
        "namespace": {
          "title": "Namespace",
          "description": "The namespace of the object",
          "default": "default",
          "maxLength": 63,
          "type": "string",
          "x-stoplight": {
            "id": "ximd5o5jdp12f"
          }
        }
      },
      "required": [
        "name"
      ],
      "additionalProperties": false,
      "x-stoplight": {
        "id": "osvrk4kzm7omm"
      }
    },
    "LLMDependency": {
      "title": "LLMDependency",
      "description": "LLM dependency schema.",
      "type": "object",
      "properties": {
        "labels": {
          "title": "Labels",
          "description": "Labels are useful for filtering and finding objects",
          "type": "object",
          "additionalProperties": {
            "type": "string",
            "x-stoplight": {
              "id": "72u4qofm2rv5d"
            }
          },
          "x-stoplight": {
            "id": "97xbp58brc2me"
          }
        },
        "name": {
          "title": "Name",
          "description": "Name of the dependency",
          "type": "string",
          "x-stoplight": {
            "id": "pr0x2w0nt6mxz"
          }
        },
        "kind": {
          "title": "Kind",
          "default": "LLM",
          "const": "LLM",
          "type": "string",
          "x-stoplight": {
            "id": "e8bb3mu11dhmi"
          }
        },
        "namespace": {
          "title": "Namespace",
          "description": "The namespace of the object",
          "default": "default",
          "maxLength": 63,
          "type": "string",
          "x-stoplight": {
            "id": "oxxbogbwqbk85"
          }
        }
      },
      "required": [
        "name"
      ],
      "additionalProperties": false,
      "x-stoplight": {
        "id": "rsyqvfb4s6vpf"
      }
    },
    "VectorStoreQAToolSpec": {
      "title": "VectorStoreQAToolSpec",
      "description": "VectorStoreQATool spec.",
      "type": "object",
      "properties": {
        "options": {
          "title": "Options",
          "description": "Options for the tool",
          "default": {},
          "type": "object",
          "x-stoplight": {
            "id": "pzrjapkuvgytk"
          }
        },
        "vendor": {
          "description": "The class of the tool, e.g. RetrievalQAWithSourcesChain, etc.",
          "allOf": [
            {
              "$ref": "#/definitions/VectorStoreQAToolVendor",
              "x-stoplight": {
                "id": "vcxjt3o692p3q"
              }
            }
          ],
          "x-stoplight": {
            "id": "rq9jmpi9xm66u"
          }
        },
        "dependencies": {
          "title": "Dependencies",
          "description": "Tool dependencies",
          "type": "array",
          "minItems": 2,
          "maxItems": 2,
          "items": [
            {
              "$ref": "#/definitions/StoreDependency",
              "x-stoplight": {
                "id": "agf9ownjnn7nk"
              }
            },
            {
              "$ref": "#/definitions/LLMDependency",
              "x-stoplight": {
                "id": "hxbar6i9c63mi"
              }
            }
          ],
          "x-stoplight": {
            "id": "vkz9uk5f0x4v3"
          }
        }
      },
      "required": [
        "vendor",
        "dependencies"
      ],
      "additionalProperties": false,
      "x-stoplight": {
        "id": "0e7w5cpcyjyr1"
      }
    }
  },
  "x-internal": true
}