{
  "title": "BaseAnnotations",
  "x-stoplight": {
    "id": "6vpvui19gvejg"
  },
  "description": "Base annotations schema.",
  "type": "object",
  "properties": {
    "annotations": {
      "title": "Annotations",
      "description": "Annotations are useful for storing additional information",
      "type": "object",
      "additionalProperties": {
        "type": "string",
        "x-stoplight": {
          "id": "hleztesbaxurl"
        }
      },
      "x-stoplight": {
        "id": "9l87msx788isd"
      }
    }
  },
  "additionalProperties": false,
  "x-internal": true
}