{
  "title": "BaseToolDependency",
  "x-stoplight": {
    "id": "55075de8td1lz"
  },
  "description": "Base tool dependency schema.",
  "type": "object",
  "properties": {
    "labels": {
      "title": "Labels",
      "description": "Labels are useful for filtering and finding objects",
      "type": "object",
      "additionalProperties": {
        "type": "string",
        "x-stoplight": {
          "id": "rdh3pb122lgwy"
        }
      },
      "x-stoplight": {
        "id": "bwya02eze08xh"
      }
    },
    "name": {
      "title": "Name",
      "description": "Name of the dependency",
      "type": "string",
      "x-stoplight": {
        "id": "ssa8mlnlvznab"
      }
    },
    "kind": {
      "description": "Kind of the dependency",
      "allOf": [
        {
          "$ref": "#/definitions/Kind",
          "x-stoplight": {
            "id": "xtnwwm21t9vy1"
          }
        }
      ],
      "x-stoplight": {
        "id": "o1oyooka033s4"
      }
    },
    "namespace": {
      "title": "Namespace",
      "description": "The namespace of the object",
      "default": "default",
      "maxLength": 63,
      "type": "string",
      "x-stoplight": {
        "id": "tp7mrav33wz1k"
      }
    },
    "description": {
      "title": "Description",
      "description": "Tool description",
      "type": "string",
      "x-stoplight": {
        "id": "10qha391j6bx5"
      }
    }
  },
  "required": [
    "name",
    "kind"
  ],
  "additionalProperties": false,
  "definitions": {
    "Kind": {
      "title": "Kind",
      "description": "Enum for all kinds of resources.",
      "enum": [
        "Embedding",
        "VectorStore",
        "VectorStoreQATool",
        "LLM",
        "LoadTool",
        "Splitter",
        "Agent",
        "PromptTemplate",
        "LLMTool",
        "Custom"
      ],
      "type": "string",
      "x-stoplight": {
        "id": "h7xzzysq997vs"
      }
    }
  },
  "x-internal": true
}