{
  "title": "BaseDependency",
  "x-stoplight": {
    "id": "okkuybgmo839c"
  },
  "description": "Base dependency schema.",
  "type": "object",
  "properties": {
    "labels": {
      "title": "Labels",
      "description": "Labels are useful for filtering and finding objects",
      "type": "object",
      "additionalProperties": {
        "type": "string",
        "x-stoplight": {
          "id": "b6kyd2mz78z1m"
        }
      },
      "x-stoplight": {
        "id": "sc9s7obx7kabu"
      }
    },
    "name": {
      "title": "Name",
      "description": "Name of the dependency",
      "type": "string",
      "x-stoplight": {
        "id": "onnlqxs93xjq0"
      }
    },
    "kind": {
      "description": "Kind of the dependency",
      "allOf": [
        {
          "$ref": "#/definitions/Kind",
          "x-stoplight": {
            "id": "f6dpukw6mkb34"
          }
        }
      ],
      "x-stoplight": {
        "id": "nkanxep37zg6x"
      }
    },
    "namespace": {
      "title": "Namespace",
      "description": "The namespace of the object",
      "default": "default",
      "maxLength": 63,
      "type": "string",
      "x-stoplight": {
        "id": "2ebqcl4nugw7e"
      }
    }
  },
  "required": [
    "name",
    "kind"
  ],
  "additionalProperties": false,
  "definitions": {
    "Kind": {
      "title": "Kind",
      "description": "Enum for all kinds of resources.",
      "enum": [
        "Embedding",
        "VectorStore",
        "VectorStoreQATool",
        "LLM",
        "LoadTool",
        "Splitter",
        "Agent",
        "PromptTemplate",
        "LLMTool",
        "Custom"
      ],
      "type": "string",
      "x-stoplight": {
        "id": "4vommae7crjoj"
      }
    }
  },
  "x-internal": true
}