{
  "title": "EmbeddingSpec",
  "x-stoplight": {
    "id": "tz1a6xdhp8dug"
  },
  "description": "Embedding spec.",
  "type": "object",
  "properties": {
    "options": {
      "title": "Options",
      "description": "Embedding options",
      "type": "object",
      "x-stoplight": {
        "id": "wdex6r51z9n1q"
      }
    },
    "vendor": {
      "description": "Embedding vendor",
      "allOf": [
        {
          "$ref": "#/definitions/EmbeddingVendor",
          "x-stoplight": {
            "id": "za51kxcfvmbqd"
          }
        }
      ],
      "x-stoplight": {
        "id": "e8533cv2hxfhh"
      }
    }
  },
  "required": [
    "vendor"
  ],
  "additionalProperties": false,
  "definitions": {
    "EmbeddingVendor": {
      "title": "EmbeddingVendor",
      "description": "Enum for embedding vendors.",
      "enum": [
        "OpenAIEmbeddings"
      ],
      "type": "string",
      "x-stoplight": {
        "id": "l3gjyjlafchnq"
      }
    }
  },
  "x-internal": true
}