{
  "title": "LoadToolSpec",
  "x-stoplight": {
    "id": "ybgifrae2t1jm"
  },
  "description": "LoadTool spec.",
  "type": "object",
  "properties": {
    "options": {
      "title": "Options",
      "description": "Resource options",
      "default": {},
      "type": "object",
      "x-stoplight": {
        "id": "w4qm699pgu0uj"
      }
    },
    "vendor": {
      "description": "The name of the search tool, e.g. serpapi, google-serper, etc.",
      "allOf": [
        {
          "$ref": "#/definitions/LoadToolVendor",
          "x-stoplight": {
            "id": "gp4rrjpgdwndi"
          }
        }
      ],
      "x-stoplight": {
        "id": "ltpk0zng6mgjn"
      }
    },
    "dependencies": {
      "title": "Dependencies",
      "description": "Tool dependencies",
      "type": "array",
      "minItems": 1,
      "maxItems": 1,
      "items": [
        {
          "$ref": "#/definitions/LLMDependency",
          "x-stoplight": {
            "id": "8iar7p08ujh07"
          }
        }
      ],
      "x-stoplight": {
        "id": "88vsely3jsp1z"
      }
    }
  },
  "required": [
    "vendor",
    "dependencies"
  ],
  "additionalProperties": false,
  "definitions": {
    "LoadToolVendor": {
      "title": "LoadToolVendor",
      "description": "Enum for search_tool vendors.",
      "enum": [
        "python_repl",
        "requests",
        "requests_get",
        "requests_post",
        "requests_patch",
        "requests_put",
        "requests_delete",
        "terminal",
        "wolfram-alpha",
        "google-search",
        "google-search-results-json",
        "searx-search-results-json",
        "bing-search",
        "google-serper",
        "serpapi",
        "searx-search",
        "wikipedia",
        "human",
        "news-api",
        "tmdb-api",
        "podcast-api",
        "pal-math",
        "pal-colored-objects",
        "llm-math",
        "open-meteo-api"
      ],
      "type": "string",
      "x-stoplight": {
        "id": "gvmqh7ffciv1y"
      }
    },
    "LLMDependency": {
      "title": "LLMDependency",
      "description": "LLM dependency schema.",
      "type": "object",
      "properties": {
        "labels": {
          "title": "Labels",
          "description": "Labels are useful for filtering and finding objects",
          "type": "object",
          "additionalProperties": {
            "type": "string",
            "x-stoplight": {
              "id": "v14yj9vbp73ju"
            }
          },
          "x-stoplight": {
            "id": "w9dyhpbo14ekf"
          }
        },
        "name": {
          "title": "Name",
          "description": "Name of the dependency",
          "type": "string",
          "x-stoplight": {
            "id": "spexjdm4k9om7"
          }
        },
        "kind": {
          "title": "Kind",
          "default": "LLM",
          "const": "LLM",
          "type": "string",
          "x-stoplight": {
            "id": "3cgr57shnh6xl"
          }
        },
        "namespace": {
          "title": "Namespace",
          "description": "The namespace of the object",
          "default": "default",
          "maxLength": 63,
          "type": "string",
          "x-stoplight": {
            "id": "ozuc3xdznel04"
          }
        }
      },
      "required": [
        "name"
      ],
      "additionalProperties": false,
      "x-stoplight": {
        "id": "il898flxql7wc"
      }
    }
  },
  "x-internal": true
}