{
  "title": "PromptTemplateSpec",
  "x-stoplight": {
    "id": "w93tw0n5p56a3"
  },
  "description": "PromptTemplate spec.",
  "type": "object",
  "properties": {
    "options": {
      "title": "Options",
      "description": "Resource options",
      "default": {},
      "type": "object",
      "x-stoplight": {
        "id": "2k5550mfxnu5t"
      }
    },
    "vendor": {
      "description": "PromptTemplate vendor",
      "allOf": [
        {
          "$ref": "#/definitions/PromptTemplateVendor",
          "x-stoplight": {
            "id": "c6jc5y2qerfq4"
          }
        }
      ],
      "x-stoplight": {
        "id": "um1tmi30o6m66"
      }
    }
  },
  "required": [
    "vendor"
  ],
  "additionalProperties": false,
  "definitions": {
    "PromptTemplateVendor": {
      "title": "PromptTemplateVendor",
      "description": "Enum for prompt template vendors.",
      "enum": [
        "PromptTemplate"
      ],
      "type": "string",
      "x-stoplight": {
        "id": "qau739ea7p1zj"
      }
    }
  },
  "x-internal": true
}