{
  "title": "StoreDependency",
  "x-stoplight": {
    "id": "7fdga8tuq6bia"
  },
  "description": "Store dependency schema.",
  "type": "object",
  "properties": {
    "labels": {
      "title": "Labels",
      "description": "Labels are useful for filtering and finding objects",
      "type": "object",
      "additionalProperties": {
        "type": "string",
        "x-stoplight": {
          "id": "vt6bephicwn6f"
        }
      },
      "x-stoplight": {
        "id": "92dmt8w3kwba9"
      }
    },
    "name": {
      "title": "Name",
      "description": "Name of the dependency",
      "type": "string",
      "x-stoplight": {
        "id": "s8855x781ta79"
      }
    },
    "kind": {
      "title": "Kind",
      "default": "VectorStore",
      "const": "VectorStore",
      "type": "string",
      "x-stoplight": {
        "id": "mluo0kr840wxi"
      }
    },
    "namespace": {
      "title": "Namespace",
      "description": "The namespace of the object",
      "default": "default",
      "maxLength": 63,
      "type": "string",
      "x-stoplight": {
        "id": "cwvsjppbcts3u"
      }
    }
  },
  "required": [
    "name"
  ],
  "additionalProperties": false,
  "x-internal": true
}